MPLACR0000008,XHL00175400000511,100000,100000,https://livaza.com/media/catalog/product/d/m/dmrainbow-a_1.jpg
MPLGDR0000100,XHL00175400000527,90000,90000,https://livaza.com/media/catalog/product/4/4/44ce5b9b95a3d77f15e8610e4cfbc414.jpg
MPLGDR0000074,XHL00175400000526,130000,130000,https://livaza.com/media/catalog/product/f/4/f4d06af2178d98d6461547f3702c51bf.jpg
LVZKID0000001,XHL00175400000525,6800000,6800000,https://livaza.com/media/catalog/product/r/i/riley-baby-crib-riley_crib-xxx.jpg
LVZKID0000003,XHL00175400000524,3500000,3500000,https://livaza.com/media/catalog/product/r/i/riley-house-shaped-storage-lvzkid0000003-xxx_3.jpg
LVZKID0000005,XHL00175400000523,4800000,4800000,https://livaza.com/media/catalog/product/l/v/lvzkid0000005.jpg
LVZKID0000002,XHL00175400000522,5200000,5200000,https://livaza.com/media/catalog/product/r/i/riley-changing-table-lvzkid0000002-xxx.jpg
LVZACC0000017,XHL00175400000521,150000,150000,https://livaza.com/media/catalog/product/t/e/tears-cushion-lvzacc0000017-xxx.jpg
MPLHTS0000001,XHL00175400000519,170000,170000,https://livaza.com/media/catalog/product/w/a/wars-6.jpg
MPLHTS0000003,XHL00175400000518,130000,130000,https://livaza.com/media/catalog/product/s/t/storm-x.jpg
MPLHTS0000002,XHL00175400000517,130000,130000,https://livaza.com/media/catalog/product/v/a/vader-x.jpg
MPLACR0000005,XHL00175400000516,90000,90000,https://livaza.com/media/catalog/product/d/m/dmgirl_27s-a.jpg
MPLACR0000009,XHL00175400000515,100000,100000,https://livaza.com/media/catalog/product/d/o/doormatspiano-a.jpg
MPLACR0000004,XHL00175400000514,90000,90000,https://livaza.com/media/catalog/product/d/m/dmourhouse-a.jpg
MPLACR0000006,XHL00175400000513,90000,90000,https://livaza.com/media/catalog/product/d/m/dmboy_27s-a.jpg
MPLACR0000007,XHL00175400000512,90000,90000,https://livaza.com/media/catalog/product/d/m/dmsendal-a.jpg
MPLGDR0000102,XHL00175400000510,70000,70000,https://livaza.com/media/catalog/product/a/6/a6e07d73bed715bb43a6bdc04b781737.jpg
MPLGDR0000101,XHL00175400000509,60000,60000,https://livaza.com/media/catalog/product/2/8/28a9cfdc6e67dc19d94bfb236beca830.jpg
MPLGDR0000103,XHL00175400000508,50000,50000,https://livaza.com/media/catalog/product/e/4/e42a33f8eac313c40e541320ee618a07.jpg
MPLGDR0000077,XHL00175400000507,130000,130000,https://livaza.com/media/catalog/product/2/6/26fc7180351cad16ff5d15a9144712b3.jpg
MPLGDR0000063,XHL00175400000506,130000,130000,https://livaza.com/media/catalog/product/1/6/16974aa3db32ef61aba6753c123b7439.jpg
MPLGDR0000061,XHL00175400000505,130000,130000,https://livaza.com/media/catalog/product/6/8/68343c91bff8f0c9ca06b204066f25dc.jpg
MPLGDR0000064,XHL00175400000504,130000,130000,https://livaza.com/media/catalog/product/8/e/8e4c5618f77183f81bdd7b53e8716866.jpg
MPLGDR0000060,XHL00175400000503,130000,130000,https://livaza.com/media/catalog/product/0/2/02dea555ba7880647e4e54181e110351.jpg
MPLGDR0000076,XHL00175400000502,130000,130000,https://livaza.com/media/catalog/product/7/e/7ec19b26eeb114368c964ab6e930039b.jpg
MPLGDR0000075,XHL00175400000501,130000,130000,https://livaza.com/media/catalog/product/9/7/970e91381c88c3e2355512c4845082ef.jpg
MPLGDR0000082,XHL00175400000500,130000,130000,https://livaza.com/media/catalog/product/9/4/949c6fed0ceac17fd461631c7d8ed950.jpg
MPLCBL0000054,XHL00175400000499,28000,28000,https://livaza.com/media/catalog/product/c/o/coup.jpg
MPLCBL0000052,XHL00175400000498,37000,37000,https://livaza.com/media/catalog/product/m/i/minn.jpg
MPLCBL0000055,XHL00175400000497,18500,18500,https://livaza.com/media/catalog/product/r/o/roll-spoon.jpg
MPLCBL0000053,XHL00175400000496,23500,23500,https://livaza.com/media/catalog/product/w/h/whit.jpg
MPLCBL0000056,XHL00175400000495,18500,18500,https://livaza.com/media/catalog/product/r/o/roll-knife.jpg
